,AdSpend,predicted-sales
0,13.5,7.2466496888150855
1,39.7,8.602144327009709
2,72.4,10.293925802924372
3,105.8,12.021922784439655
4,134.2,13.491237583093367
5,162.9,14.976073312718775
6,187.6,16.253963296054927
7,209.3,17.376643969674138
8,54.8,9.383364519251648
9,94.1,11.416606476543581
